{"initial_reset_timestamp": 1617001768.2772944, "timestamps": [1617001770.3136322], "episode_lengths": [100], "episode_rewards": [77.07968554002476], "episode_rewards_": [[0.9333333333333332, 0.9257362067103104, 0.9158912833697032, 0.9076871805858637, 0.9008504282659976, 0.8951531346661091, 0.8792942788884243, 0.8660785657403536, 0.8550654714502947, 0.8458878928752456, 0.8604621329515935, 0.872607333015217, 0.8827283330682363, 0.8911624997790858, 0.898190972038127, 0.9040480322539947, 0.9089289157672179, 0.9129963186949038, 0.9163858211346421, 0.9080992953899795, 0.9011938572694275, 0.9065504366134117, 0.8999031416222875, 0.8832526180185729, 0.8693771816821442, 0.8578143180684535, 0.848178598390378, 0.8401488319919816, 0.833457359993318, 0.8501033555499872, 0.8639750185138783, 0.8755347376504541, 0.8851678369309339, 0.8931954196646671, 0.8998850719427782, 0.9054597821745373, 0.8989942629232255, 0.8824952191026879, 0.8687460159189065, 0.8572883465990889, 0.8477402888325739, 0.839783574027145, 0.8331529783559541, 0.816516370852184, 0.8026525312657089, 0.7910993316103129, 0.7814716652308163, 0.7734486099145691, 0.7667627304843632, 0.7611911642925248, 0.7454370813548818, 0.732308678906846, 0.7213683435334827, 0.7122513973890134, 0.7046539422686223, 0.6983227296682964, 0.6819356080569136, 0.6682796733807614, 0.6666666666666666, 0.6666666666666666, 0.6666666666666666, 0.6666666666666666, 0.6666666666666666, 0.6666666666666666, 0.6666666666666666, 0.6666666666666666, 0.6666666666666666, 0.6666666666666666, 0.6666666666666666, 0.6666666666666666, 0.6666666666666666, 0.6666666666666666, 0.6666666666666666, 0.6666666666666666, 0.6666666666666666, 0.6666666666666666, 0.6666666666666666, 0.6666666666666666, 0.6666666666666666, 0.6666666666666666, 0.6666666666666666, 0.6666666666666666, 0.6666666666666666, 0.6666666666666666, 0.6666666666666666, 0.6666666666666666, 0.6666666666666666, 0.6666666666666666, 0.6666666666666666, 0.6666666666666666, 0.6666666666666666, 0.6666666666666666, 0.6666666666666666, 0.6666666666666666, 0.6666666666666666, 0.6666666666666666, 0.6666666666666666, 0.6666666666666666, 0.6666666666666666, 0.6666666666666666]], "episode_seeds": [null], "episode_types": ["t"], "episode_speed": [[30.158129301963974, 29.715107751636644, 29.34592312636387, 29.03826927196989, 28.78189105997491, 28.568242549979093, 27.97353545831591, 27.47794621526326, 27.06495517938605, 26.72079598282171, 27.267329985684757, 27.722774988070633, 28.10231249005886, 28.418593741715718, 28.682161451429764, 28.901801209524802, 29.084834341270668, 29.23736195105889, 29.364468292549077, 29.05372357712423, 28.794769647603527, 28.99564137300294, 28.746367810835782, 28.121973175696485, 27.601644313080406, 27.168036927567005, 26.806697439639173, 26.50558119969931, 26.254650999749426, 26.87887583312452, 27.399063194270433, 27.832552661892027, 28.193793884910022, 28.49482823742502, 28.74569019785418, 28.95474183154515, 28.712284859620958, 28.093570716350797, 27.577975596958996, 27.14831299746583, 26.790260831221524, 26.491884026017935, 26.24323668834828, 25.6193639069569, 25.09946992246408, 24.666224935386733, 24.30518744615561, 24.00432287179634, 23.753602393163618, 23.54466866096968, 22.95389055080807, 22.461575459006724, 22.051312882505602, 21.709427402088004, 21.424522835073336, 21.187102362561113, 20.57258530213426, 20.060487751778552, 19.633739793148795, 19.278116494290664, 18.98176374524222, 18.73480312103518, 18.112335934195983, 17.59361327849665, 17.16134439874721, 16.801120332289344, 16.50093361024112, 16.250778008534265, 16.04231500711189, 15.45192917259324, 14.959940977161034, 14.549950814300862, 14.208292345250719, 13.9235769543756, 13.686314128646334, 13.071928440538612, 12.559940367115509, 12.133283639262924, 11.777736366052437, 11.481446971710364, 11.23453914309197, 11.445449285909975, 12.03787440492498, 12.531562004104149, 12.942968336753458, 13.285806947294548, 13.571505789412123, 13.809588157843436, 14.424656798202863, 14.937213998502386, 15.364344998751989, 15.72028749895999, 16.016906249133324, 16.264088540944435, 16.88674045078703, 17.405617042322525, 17.838014201935437, 18.19834516827953, 18.498620973566275, 18.74885081130523]], "episode_crashed": [[false, false, false, false, false, false, false, false, false, false, false, false, false, false, false, false, false, false, false, false, false, false, false, false, false, false, false, false, false, false, false, false, false, false, false, false, false, false, false, false, false, false, false, false, false, false, false, false, false, false, false, false, false, false, false, false, false, false, false, false, false, false, false, false, false, false, false, false, false, false, false, false, false, false, false, false, false, false, false, false, false, false, false, false, false, false, false, false, false, false, false, false, false, false, false, false, false, false, false, false]], "episode_action": [[0, 4, 4, 4, 4, 4, 4, 4, 4, 4, 3, 3, 3, 3, 3, 3, 3, 3, 3, 4, 4, 3, 4, 4, 4, 4, 4, 4, 4, 3, 3, 3, 3, 3, 3, 3, 4, 4, 4, 4, 4, 4, 4, 4, 4, 4, 4, 4, 4, 4, 4, 4, 4, 4, 4, 4, 4, 4, 4, 4, 4, 4, 4, 4, 4, 4, 4, 4, 4, 4, 4, 4, 4, 4, 4, 4, 4, 4, 4, 4, 4, 3, 3, 3, 3, 3, 3, 3, 3, 3, 3, 3, 3, 3, 3, 3, 3, 3, 3, 3]], "episode_cost": [[0.0, 0.0, 0.0, 0.0, 0.0, 0.0, 0.0, 0.0, 0.0, 0.0, 0.0, 0.0, 0.0, 0.0, 0.0, 0.0, 0.0, 0.0, 0.0, 0.0, 0.0, 0.0, 0.0, 0.0, 0.0, 0.0, 0.0, 0.0, 0.0, 0.0, 0.0, 0.0, 0.0, 0.0, 0.0, 0.0, 0.0, 0.0, 0.0, 0.0, 0.0, 0.0, 0.0, 0.0, 0.0, 0.0, 0.0, 0.0, 0.0, 0.0, 0.0, 0.0, 0.0, 0.0, 0.0, 0.0, 0.0, 0.0, 0.0, 0.0, 0.0, 0.0, 0.0, 0.0, 0.0, 0.0, 0.0, 0.0, 0.0, 0.0, 0.0, 0.0, 0.0, 0.0, 0.0, 0.0, 0.0, 0.0, 0.0, 0.0, 0.0, 0.0, 0.0, 0.0, 0.0, 0.0, 0.0, 0.0, 0.0, 0.0, 0.0, 0.0, 0.0, 0.0, 0.0, 0.0, 0.0, 0.0, 0.0, 0.0]]}