{"initial_reset_timestamp": 1616488594.133484, "timestamps": [1616488598.4015114, 1616488602.2910626, 1616488606.1294093], "episode_lengths": [100, 100, 100], "episode_rewards": [88.33333333333336, 75.92000000000012, 72.15999999999995], "episode_rewards_": [[0.7866666666666666, 0.7999999999999999, 0.7866666666666666, 0.7999999999999999, 0.7866666666666666, 0.7999999999999999, 0.7866666666666666, 0.7999999999999999, 0.7866666666666666, 0.7999999999999999, 0.7866666666666666, 0.7999999999999999, 0.7866666666666666, 0.7999999999999999, 0.7866666666666666, 0.7999999999999999, 0.7866666666666666, 0.7999999999999999, 0.7866666666666666, 0.7999999999999999, 0.7866666666666666, 0.7999999999999999, 0.7866666666666666, 0.7999999999999999, 0.8133333333333335, 0.8266666666666668, 0.8400000000000003, 0.8533333333333338, 0.8400000000000003, 0.8533333333333338, 0.8400000000000003, 0.8533333333333338, 0.8400000000000003, 0.8533333333333338, 0.8400000000000003, 0.8533333333333338, 0.8400000000000003, 0.8533333333333338, 0.8400000000000003, 0.8533333333333338, 0.8666666666666671, 0.8800000000000007, 0.893333333333334, 0.9066666666666675, 0.9200000000000008, 0.9333333333333332, 0.9333333333333332, 0.9333333333333332, 0.9333333333333332, 0.9333333333333332, 0.9333333333333332, 0.9333333333333332, 0.9333333333333332, 0.9333333333333332, 0.9333333333333332, 0.9333333333333332, 0.9333333333333332, 0.9333333333333332, 0.9333333333333332, 0.9333333333333332, 0.9333333333333332, 0.9333333333333332, 0.9333333333333332, 0.9333333333333332, 0.9333333333333332, 0.9333333333333332, 0.9333333333333332, 0.9333333333333332, 0.9333333333333332, 0.9333333333333332, 0.9333333333333332, 0.9333333333333332, 0.9333333333333332, 0.9333333333333332, 0.9333333333333332, 0.9333333333333332, 0.9333333333333332, 0.9333333333333332, 0.9333333333333332, 0.9333333333333332, 0.9333333333333332, 0.9333333333333332, 0.9333333333333332, 0.9333333333333332, 0.9333333333333332, 0.9333333333333332, 0.9333333333333332, 0.9333333333333332, 0.9333333333333332, 0.9333333333333332, 0.9333333333333332, 0.9333333333333332, 0.9333333333333332, 0.9333333333333332, 0.9333333333333332, 0.9333333333333332, 0.9333333333333332, 0.9333333333333332, 0.9333333333333332, 0.9333333333333332], [0.7866666666666666, 0.7999999999999999, 0.7866666666666666, 0.7999999999999999, 0.7866666666666666, 0.7999999999999999, 0.7866666666666666, 0.7999999999999999, 0.7866666666666666, 0.7999999999999999, 0.7866666666666666, 0.7999999999999999, 0.7866666666666666, 0.7999999999999999, 0.7866666666666666, 0.7999999999999999, 0.7866666666666666, 0.7999999999999999, 0.7866666666666666, 0.7999999999999999, 0.7866666666666666, 0.7999999999999999, 0.7866666666666666, 0.7999999999999999, 0.7866666666666666, 0.7999999999999999, 0.7866666666666666, 0.7999999999999999, 0.7866666666666666, 0.7999999999999999, 0.7866666666666666, 0.7999999999999999, 0.7866666666666666, 0.7999999999999999, 0.7866666666666666, 0.7733333333333331, 0.7599999999999998, 0.7466666666666663, 0.7333333333333328, 0.7466666666666663, 0.7333333333333328, 0.7466666666666663, 0.7333333333333328, 0.7466666666666663, 0.7333333333333328, 0.7466666666666663, 0.7333333333333328, 0.7466666666666663, 0.7333333333333328, 0.7466666666666663, 0.7333333333333328, 0.7466666666666663, 0.7333333333333328, 0.7466666666666663, 0.7333333333333328, 0.7466666666666663, 0.7333333333333328, 0.7466666666666663, 0.7333333333333328, 0.7466666666666663, 0.7333333333333328, 0.7466666666666663, 0.7333333333333328, 0.7466666666666663, 0.7333333333333328, 0.7466666666666663, 0.7333333333333328, 0.7466666666666663, 0.7333333333333328, 0.7466666666666663, 0.7333333333333328, 0.7466666666666663, 0.7333333333333328, 0.7466666666666663, 0.7333333333333328, 0.7466666666666663, 0.7333333333333328, 0.7466666666666663, 0.7333333333333328, 0.7466666666666663, 0.7333333333333328, 0.7466666666666663, 0.7333333333333328, 0.7466666666666663, 0.7333333333333328, 0.7466666666666663, 0.7333333333333328, 0.7466666666666663, 0.7333333333333328, 0.7466666666666663, 0.7333333333333328, 0.7466666666666663, 0.7333333333333328, 0.7466666666666663, 0.7333333333333328, 0.7466666666666663, 0.7333333333333328, 0.7466666666666663, 0.7333333333333328, 0.7466666666666663], [0.7866666666666666, 0.7999999999999999, 0.7866666666666666, 0.7999999999999999, 0.7866666666666666, 0.7999999999999999, 0.7866666666666666, 0.7999999999999999, 0.7866666666666666, 0.7999999999999999, 0.7866666666666666, 0.7999999999999999, 0.7866666666666666, 0.7999999999999999, 0.7866666666666666, 0.7999999999999999, 0.7866666666666666, 0.7999999999999999, 0.7866666666666666, 0.7999999999999999, 0.7866666666666666, 0.7999999999999999, 0.7866666666666666, 0.7733333333333331, 0.7599999999999998, 0.7466666666666663, 0.7333333333333328, 0.7199999999999994, 0.7333333333333328, 0.7199999999999994, 0.7333333333333328, 0.7199999999999994, 0.7333333333333328, 0.7199999999999994, 0.7333333333333328, 0.7199999999999994, 0.7333333333333328, 0.7199999999999994, 0.7333333333333328, 0.7199999999999994, 0.7333333333333328, 0.7199999999999994, 0.7333333333333328, 0.7199999999999994, 0.7333333333333328, 0.7199999999999994, 0.706666666666666, 0.6933333333333326, 0.6799999999999992, 0.6933333333333326, 0.6799999999999992, 0.6933333333333326, 0.6799999999999992, 0.6933333333333326, 0.6799999999999992, 0.6933333333333326, 0.6799999999999992, 0.6933333333333326, 0.6799999999999992, 0.6933333333333326, 0.6799999999999992, 0.6933333333333326, 0.6799999999999992, 0.6933333333333326, 0.6799999999999992, 0.6933333333333326, 0.6799999999999992, 0.6933333333333326, 0.6799999999999992, 0.6933333333333326, 0.6799999999999992, 0.6933333333333326, 0.6799999999999992, 0.6933333333333326, 0.6799999999999992, 0.6933333333333326, 0.6799999999999992, 0.6933333333333326, 0.6799999999999992, 0.6933333333333326, 0.6799999999999992, 0.6933333333333326, 0.6799999999999992, 0.6933333333333326, 0.6799999999999992, 0.6933333333333326, 0.6799999999999992, 0.6933333333333326, 0.6799999999999992, 0.6933333333333326, 0.6799999999999992, 0.6933333333333326, 0.6799999999999992, 0.6933333333333326, 0.6799999999999992, 0.6933333333333326, 0.6799999999999992, 0.6933333333333326, 0.6799999999999992, 0.6933333333333326]], "episode_seeds": [null, null, null], "episode_types": ["t", "t", "t", "t"],