{"initial_reset_timestamp": 1616466562.4646122, "timestamps": [1616466565.0986583], "episode_lengths": [100], "episode_rewards": [79.96319171955233], "episode_rewards_": [[0.8003111290598662, 0.8005607799296786, 0.800872659994329, 0.80122729164237, 0.8016208166531275, 0.8020475687322858, 0.7957673620483697, 0.7944915119256021, 0.7930813309539163, 0.7920845082551532, 0.7948636589979379, 0.7953003259326977, 0.7960681590038936, 0.7968563769562462, 0.7976870200883459, 0.7985458794236496, 0.7994235928914222, 0.8003110917820752, 0.8012001171618667, 0.8020831635141575, 0.7954288394649947, 0.7943047712471681, 0.7929744354894112, 0.7920488433724171, 0.7914310924248662, 0.7911029451997647, 0.7910374504563388, 0.7912089304968549, 0.7915920896906723, 0.7952920670852194, 0.7967580109099769, 0.7984140243886523, 0.7999799971803344, 0.8014783328300862, 0.8028993077069307, 0.8042382193501582, 0.8034174680595024, 0.8038101766656857, 0.8040002395688481, 0.8041496577272764, 0.8042452077854781, 0.8042931820694458, 0.8042977049389058, 0.8042630983847868, 0.8041935805101309, 0.8040932649286395, 0.8040003760974921, 0.8040045207636809, 0.804030379702592, 0.8040826626088068, 0.8041572885925478, 0.8042512891850233, 0.8043617232633681, 0.8044858115937498, 0.8046209328217585, 0.8047646322234997, 0.8049146265743917, 0.8050688071834057, 0.8052252410609854, 0.8053821704187928, 0.803510412536168, 0.8029559280370603, 0.8023011502141322, 0.8017054157819669, 0.8011522536404438, 0.8006441595690198, 0.8001810074427521, 0.7997624977814309, 0.7993879349585459, 0.7990563000127491, 0.7987662891231536, 0.7985163541345622, 0.7983047408632697, 0.7981295254714568, 0.7979886487300806, 0.7978799480779113, 0.797801187407781, 0.7977500845390834, 0.7977243363604084, 0.7977216416487812, 0.7977397215922403, 0.7977763380604879, 0.7978293096841447, 0.7978965258168168, 0.797975958465825, 0.7980656722871506, 0.7981638327480272, 0.798268712566772, 0.7983786965440004, 0.7984922849024452, 0.7986080952543148, 0.7987248633155932, 0.7988414424860341, 0.7989568024119501, 0.7990700266463483, 0.799204655267491, 0.7994224920489476, 0.7996660908177148, 0.799935999005688, 0.8002266383299451]], "episode_seeds": [null], "episode_types": ["t", "t"], "episode_speed": [[25.01166733974498, 25.021029247362947, 25.032724749787338, 25.046023436588875, 25.060780624492278, 25.076783827460716, 24.841276076813866, 24.793431697210078, 24.740549910771865, 24.703169059568243, 24.807387212422668, 24.823762222476162, 24.85255596264601, 24.882114135859233, 24.913263253312973, 24.94547047838686, 24.97838473342833, 25.011665941827818, 25.04500439357, 25.07811863178091, 24.828581479937302, 24.786428921768806, 24.73654133085292, 24.70183162646564, 24.67866596593248, 24.666360444991174, 24.663904392112702, 24.67033489363206, 24.684703363400214, 24.823452515695728, 24.87842540912413, 24.94052591457446, 24.99924989426254, 25.055437481128234, 25.108724039009903, 25.15893322563093, 25.12815505223134, 25.142881624963213, 25.150008983831803, 25.155612164772865, 25.15919529195543, 25.160994327604215, 25.161163935208965, 25.159866189429508, 25.15725926912991, 25.153497434823983, 25.150014103655952, 25.15016952863803, 25.151139238847197, 25.153099847830255, 25.155898322220544, 25.159423344438377, 25.163564622376306, 25.168217934765618, 25.173284980815946, 25.178673708381236, 25.18429849653969, 25.190080269377713, 25.19594653978695, 25.20183139070473, 25.131640470106294, 25.11084730138976, 25.086293133029955, 25.06395309182376, 25.043209511516647, 25.024155983838238, 25.006787779103206, 24.991093666803657, 24.97704756094547, 24.964611250478093, 24.953735842118263, 24.944363280046083, 24.936427782372615, 24.929857205179626, 24.92457432737802, 24.920498052921676, 24.91754452779179, 24.915628170215623, 24.91466261351531, 24.914561561829295, 24.91523955970901, 24.916612677268294, 24.918599113155423, 24.92111971813063, 24.92409844246844, 24.92746271076815, 24.93114372805102, 24.935076721253953, 24.939201120400014, 24.943460683841693, 24.947803572036804, 24.952182374334743, 24.956554093226277, 24.96088009044813, 24.96512599923806, 24.97017457253091, 24.97834345183553, 24.987478405664305, 24.9975999627133, 25.00849893737294]], "episode_crashed": [[false, false, false, false, false, false, false, false, false, false, false, false, false, false, false, false, false, false, false, false, false, false, false, false, false, false, false, false, false, false, false, false, false, false, false, false, false, false, false, false, false, false, false, false, false, false, false, false, false, false, false, false, false, false, false, false, false, false, false, false, false, false, false, false, false, false, false, false, false, false, false, false, false, false, false, false, false, false, false, false, false, false, false, false, false, false, false, false, false, false, false, false, false, false, false, false, false, false, false, false]], "episode_action": [[[0.023334679489969402, 0], [0.018723815235936227, 0], [0.023391004848789622, 0], [0.026597373603067583, 0], [0.029514375806810905, 0], [0.032006405936879694, 0], [-0.47101550129369807, 0], [-0.09568875920757193, 0], [-0.10576357287642217, 0], [-0.07476170240724388, 0], [0.2084363057088429, 0], [0.03275002010698674, 0], [0.05758748033969821, 0], [0.059116346426438426, 0], [0.06229823490747393, 0], [0.06441445014776968, 0], [0.06582851008293705, 0], [0.0665624167989778, 0], [0.06667690348436757, 0], [0.0662284764218248, 0], [-0.49907430368720707, 0], [-0.08430511633698681, 0], [-0.09977518183177693, 0], [-0.06941940877455031, 0], [-0.04633132106632808, 0], [-0.0246110418826201, 0], [-0.00491210575694935, 0], [0.01286100303871771, 0], [0.028736939536305788, 0], [0.2774983045910274, 0], [0.10994578685680914, 0], [0.12420101090066527, 0], [0.11744795937615726, 0], [0.11237517373138263, 0], [0.10657311576334637, 0], [0.1004183732420494, 0], [-0.06155634679916948, 0], [0.02945314546375803, 0], [0.014254717737187238, 0], [0.011206361882117195, 0], [0.007166254365133612, 0], [0.003598071297558231, 0], [0.0003392152094997378, 0], [-0.002595491558918989, 0], [-0.005213840599186476, 0], [-0.007523668611847768, 0], [-0.006966662336063634, 0], [0.0003108499641553768, 0], [0.0019394204183334652, 0], [0.003921217966121816, 0], [0.005596948780587668, 0], [0.007050044435669123, 0], [0.00828255587584995, 0], [0.00930662477861371, 0], [0.01013409210066683, 0], [0.010777455130572784, 0], [0.011249576316912636, 0], [0.011563545676040628, 0], [0.011732540818463184, 0], [0.011769701835559632, 0], [-0.14038184119687855, 0], [-0.041586337433065085, 0], [-0.049108336719604746, 0], [-0.0446800824123937, 0], [-0.04148716061422698, 0], [-0.038107055356811914, 0], [-0.034736409470069216, 0], [-0.031388224599100276, 0], [-0.028092211716369546, 0], [-0.0248726209347517, 0], [-0.021750816719652975, 0], [-0.0187451241443667, 0], [-0.015870995346937, 0], [-0.013141154385969512, 0], [-0.010565755603202557, 0], [-0.008152548912687888, 0], [-0.005907050259777711, 0], [-0.0038327151523294386, 0], [-0.0019311134006309823, 0], [-0.00020210337203807605, 0], [0.0013559957594405565, 0], [0.0027462351185735564, 0], [0.003972871774250755, 0], [0.005041209950406531, 0], [0.005957448675633252, 0], [0.0067285365994216055, 0], [0.007362034565742867, 0], [0.007865986405858064, 0], [0.008248798292122612, 0], [0.008519126883361906, 0], [0.008685776390233789, 0], [0.00875760459588415, 0], [0.00874343778307629, 0], [0.00865199444369236, 0], [0.008491817579861338, 0], [0.010097146585707676, 0], [0.016337758609248274, 0], [0.018269907657550443, 0], [0.02024311409798651, 0], [0.021797949319278365, 0]]],